http://host.docker.internal:10550,drupal,10.0.0
http://host.docker.internal:10549,drupal,10.0.1
http://host.docker.internal:10548,drupal,10.0.10
http://host.docker.internal:10547,drupal,10.0.11
http://host.docker.internal:10546,drupal,10.0.2
http://host.docker.internal:10545,drupal,10.0.3
http://host.docker.internal:10544,drupal,10.0.4
http://host.docker.internal:10543,drupal,10.0.5
http://host.docker.internal:10542,drupal,10.0.7
http://host.docker.internal:10541,drupal,10.0.8
http://host.docker.internal:10540,drupal,10.0.9
http://host.docker.internal:10539,drupal,10.1.1
http://host.docker.internal:10538,drupal,10.1.2
http://host.docker.internal:10537,drupal,10.1.3
http://host.docker.internal:10536,drupal,10.1.4
http://host.docker.internal:10535,drupal,10.1.5
http://host.docker.internal:10534,drupal,10.1.6
http://host.docker.internal:10533,drupal,10.1.7
http://host.docker.internal:10532,drupal,10.1.8
http://host.docker.internal:10531,drupal,10.2.0
http://host.docker.internal:10530,drupal,10.2.1
http://host.docker.internal:10529,drupal,10.2.10
http://host.docker.internal:10528,drupal,10.2.11
http://host.docker.internal:10527,drupal,10.2.12
http://host.docker.internal:10526,drupal,10.2.2
http://host.docker.internal:10525,drupal,10.2.3
http://host.docker.internal:10524,drupal,10.2.4
http://host.docker.internal:10523,drupal,10.2.5
http://host.docker.internal:10522,drupal,10.2.6
http://host.docker.internal:10521,drupal,10.2.7
http://host.docker.internal:10520,drupal,10.2.8
http://host.docker.internal:10519,drupal,10.2.9
http://host.docker.internal:10518,drupal,10.3.0
http://host.docker.internal:10517,drupal,10.3.1
http://host.docker.internal:10516,drupal,10.3.10
http://host.docker.internal:10515,drupal,10.3.11
http://host.docker.internal:10514,drupal,10.3.12
http://host.docker.internal:10513,drupal,10.3.13
http://host.docker.internal:10512,drupal,10.3.14
http://host.docker.internal:10511,drupal,10.3.2
http://host.docker.internal:10510,drupal,10.3.3
http://host.docker.internal:10509,drupal,10.3.5
http://host.docker.internal:10508,drupal,10.3.6
http://host.docker.internal:10507,drupal,10.3.7
http://host.docker.internal:10506,drupal,10.3.8
http://host.docker.internal:10505,drupal,10.3.9
http://host.docker.internal:10504,drupal,10.4.0
http://host.docker.internal:10503,drupal,10.4.1
http://host.docker.internal:10502,drupal,10.4.2
http://host.docker.internal:10501,drupal,10.4.3
http://host.docker.internal:10500,drupal,10.4.4
http://host.docker.internal:10499,drupal,10.4.5
http://host.docker.internal:10498,drupal,10.4.6
http://host.docker.internal:10497,drupal,10.4.7
http://host.docker.internal:10496,drupal,10.4.8
http://host.docker.internal:10495,drupal,10.5.0
http://host.docker.internal:10494,drupal,10.5.1
http://host.docker.internal:10493,drupal,10.5.2
http://host.docker.internal:10492,drupal,11.0.0
http://host.docker.internal:10491,drupal,11.0.1
http://host.docker.internal:10490,drupal,11.0.10
http://host.docker.internal:10489,drupal,11.0.11
http://host.docker.internal:10488,drupal,11.0.12
http://host.docker.internal:10487,drupal,11.0.13
http://host.docker.internal:10486,drupal,11.0.2
http://host.docker.internal:10485,drupal,11.0.4
http://host.docker.internal:10484,drupal,11.0.5
http://host.docker.internal:10483,drupal,11.0.6
http://host.docker.internal:10482,drupal,11.0.7
http://host.docker.internal:10481,drupal,11.0.8
http://host.docker.internal:10480,drupal,11.0.9
http://host.docker.internal:10479,drupal,11.1.0
http://host.docker.internal:10478,drupal,11.1.1
http://host.docker.internal:10477,drupal,11.1.2
http://host.docker.internal:10476,drupal,11.1.3
http://host.docker.internal:10475,drupal,11.1.4
http://host.docker.internal:10474,drupal,11.1.5
http://host.docker.internal:10473,drupal,11.1.6
http://host.docker.internal:10472,drupal,11.1.7
http://host.docker.internal:10471,drupal,11.1.8
http://host.docker.internal:10470,drupal,11.2.0
http://host.docker.internal:10469,drupal,11.2.1
http://host.docker.internal:10468,drupal,11.2.2
http://host.docker.internal:10467,drupal,11.2.3
http://host.docker.internal:10466,drupal,7.100
http://host.docker.internal:10465,drupal,7.101
http://host.docker.internal:10464,drupal,7.102
http://host.docker.internal:10463,drupal,7.103
http://host.docker.internal:10462,drupal,7.43
http://host.docker.internal:10461,drupal,7.44
http://host.docker.internal:10460,drupal,7.50
http://host.docker.internal:10459,drupal,7.51
http://host.docker.internal:10458,drupal,7.52
http://host.docker.internal:10457,drupal,7.53
http://host.docker.internal:10456,drupal,7.54
http://host.docker.internal:10455,drupal,7.55
http://host.docker.internal:10454,drupal,7.56
http://host.docker.internal:10453,drupal,7.57
http://host.docker.internal:10452,drupal,7.58
http://host.docker.internal:10451,drupal,7.59
http://host.docker.internal:10450,drupal,7.60
http://host.docker.internal:10449,drupal,7.61
http://host.docker.internal:10448,drupal,7.63
http://host.docker.internal:10447,drupal,7.64
http://host.docker.internal:10446,drupal,7.65
http://host.docker.internal:10445,drupal,7.66
http://host.docker.internal:10444,drupal,7.67
http://host.docker.internal:10443,drupal,7.68
http://host.docker.internal:10442,drupal,7.69
http://host.docker.internal:10441,drupal,7.70
http://host.docker.internal:10440,drupal,7.71
http://host.docker.internal:10439,drupal,7.72
http://host.docker.internal:10438,drupal,7.73
http://host.docker.internal:10437,drupal,7.74
http://host.docker.internal:10436,drupal,7.75
http://host.docker.internal:10435,drupal,7.76
http://host.docker.internal:10434,drupal,7.77
http://host.docker.internal:10433,drupal,7.78
http://host.docker.internal:10432,drupal,7.79
http://host.docker.internal:10431,drupal,7.80
http://host.docker.internal:10430,drupal,7.81
http://host.docker.internal:10429,drupal,7.82
http://host.docker.internal:10428,drupal,7.83
http://host.docker.internal:10427,drupal,7.84
http://host.docker.internal:10426,drupal,7.85
http://host.docker.internal:10425,drupal,7.87
http://host.docker.internal:10424,drupal,7.88
http://host.docker.internal:10423,drupal,7.89
http://host.docker.internal:10422,drupal,7.90
http://host.docker.internal:10421,drupal,7.91
http://host.docker.internal:10420,drupal,7.92
http://host.docker.internal:10419,drupal,7.93
http://host.docker.internal:10418,drupal,7.94
http://host.docker.internal:10417,drupal,7.95
http://host.docker.internal:10416,drupal,7.96
http://host.docker.internal:10415,drupal,7.97
http://host.docker.internal:10414,drupal,7.98
http://host.docker.internal:10413,drupal,7.99
http://host.docker.internal:10412,drupal,8.0.6
http://host.docker.internal:10411,drupal,8.1.1
http://host.docker.internal:10410,drupal,8.1.10
http://host.docker.internal:10409,drupal,8.1.2
http://host.docker.internal:10408,drupal,8.1.3
http://host.docker.internal:10407,drupal,8.1.4
http://host.docker.internal:10406,drupal,8.1.5
http://host.docker.internal:10405,drupal,8.1.6
http://host.docker.internal:10404,drupal,8.1.7
http://host.docker.internal:10403,drupal,8.1.8
http://host.docker.internal:10402,drupal,8.1.9
http://host.docker.internal:10401,drupal,8.2.0
http://host.docker.internal:10400,drupal,8.2.1
http://host.docker.internal:10399,drupal,8.2.2
http://host.docker.internal:10398,drupal,8.2.3
http://host.docker.internal:10397,drupal,8.2.4
http://host.docker.internal:10396,drupal,8.2.5
http://host.docker.internal:10395,drupal,8.2.6
http://host.docker.internal:10394,drupal,8.2.7
http://host.docker.internal:10393,drupal,8.2.8
http://host.docker.internal:10392,drupal,8.3.0
http://host.docker.internal:10391,drupal,8.3.1
http://host.docker.internal:10390,drupal,8.3.2
http://host.docker.internal:10389,drupal,8.3.3
http://host.docker.internal:10388,drupal,8.3.4
http://host.docker.internal:10387,drupal,8.3.5
http://host.docker.internal:10386,drupal,8.3.6
http://host.docker.internal:10385,drupal,8.3.7
http://host.docker.internal:10384,drupal,8.3.9
http://host.docker.internal:10383,drupal,8.4.0
http://host.docker.internal:10382,drupal,8.4.1
http://host.docker.internal:10381,drupal,8.4.2
http://host.docker.internal:10380,drupal,8.4.3
http://host.docker.internal:10379,drupal,8.4.4
http://host.docker.internal:10378,drupal,8.4.5
http://host.docker.internal:10377,drupal,8.4.6
http://host.docker.internal:10376,drupal,8.4.7
http://host.docker.internal:10375,drupal,8.4.8
http://host.docker.internal:10374,drupal,8.5.0
http://host.docker.internal:10373,drupal,8.5.1
http://host.docker.internal:10372,drupal,8.5.10
http://host.docker.internal:10371,drupal,8.5.11
http://host.docker.internal:10370,drupal,8.5.12
http://host.docker.internal:10369,drupal,8.5.13
http://host.docker.internal:10368,drupal,8.5.14
http://host.docker.internal:10367,drupal,8.5.15
http://host.docker.internal:10366,drupal,8.5.2
http://host.docker.internal:10365,drupal,8.5.3
http://host.docker.internal:10364,drupal,8.5.4
http://host.docker.internal:10363,drupal,8.5.5
http://host.docker.internal:10362,drupal,8.5.6
http://host.docker.internal:10361,drupal,8.5.7
http://host.docker.internal:10360,drupal,8.5.8
http://host.docker.internal:10359,drupal,8.6.0
http://host.docker.internal:10358,drupal,8.6.1
http://host.docker.internal:10357,drupal,8.6.10
http://host.docker.internal:10356,drupal,8.6.11
http://host.docker.internal:10355,drupal,8.6.12
http://host.docker.internal:10354,drupal,8.6.13
http://host.docker.internal:10353,drupal,8.6.14
http://host.docker.internal:10352,drupal,8.6.15
http://host.docker.internal:10351,drupal,8.6.16
http://host.docker.internal:10350,drupal,8.6.17
http://host.docker.internal:10349,drupal,8.6.18
http://host.docker.internal:10348,drupal,8.6.2
http://host.docker.internal:10347,drupal,8.6.3
http://host.docker.internal:10346,drupal,8.6.4
http://host.docker.internal:10345,drupal,8.6.5
http://host.docker.internal:10344,drupal,8.6.7
http://host.docker.internal:10343,drupal,8.6.8
http://host.docker.internal:10342,drupal,8.6.9
http://host.docker.internal:10341,drupal,8.7.1
http://host.docker.internal:10340,drupal,8.7.10
http://host.docker.internal:10339,drupal,8.7.11
http://host.docker.internal:10338,drupal,8.7.12
http://host.docker.internal:10337,drupal,8.7.13
http://host.docker.internal:10336,drupal,8.7.14
http://host.docker.internal:10335,drupal,8.7.2
http://host.docker.internal:10334,drupal,8.7.3
http://host.docker.internal:10333,drupal,8.7.4
http://host.docker.internal:10332,drupal,8.7.5
http://host.docker.internal:10331,drupal,8.7.6
http://host.docker.internal:10330,drupal,8.7.7
http://host.docker.internal:10329,drupal,8.7.8
http://host.docker.internal:10328,drupal,8.7.9
http://host.docker.internal:10327,drupal,8.8.0
http://host.docker.internal:10326,drupal,8.8.1
http://host.docker.internal:10325,drupal,8.8.10
http://host.docker.internal:10324,drupal,8.8.11
http://host.docker.internal:10323,drupal,8.8.12
http://host.docker.internal:10322,drupal,8.8.2
http://host.docker.internal:10321,drupal,8.8.3
http://host.docker.internal:10320,drupal,8.8.4
http://host.docker.internal:10319,drupal,8.8.5
http://host.docker.internal:10318,drupal,8.8.6
http://host.docker.internal:10317,drupal,8.8.7
http://host.docker.internal:10316,drupal,8.8.8
http://host.docker.internal:10315,drupal,8.8.9
http://host.docker.internal:10314,drupal,8.9.0
http://host.docker.internal:10313,drupal,8.9.1
http://host.docker.internal:10312,drupal,8.9.10
http://host.docker.internal:10311,drupal,8.9.11
http://host.docker.internal:10310,drupal,8.9.12
http://host.docker.internal:10309,drupal,8.9.13
http://host.docker.internal:10308,drupal,8.9.14
http://host.docker.internal:10307,drupal,8.9.15
http://host.docker.internal:10306,drupal,8.9.16
http://host.docker.internal:10305,drupal,8.9.17
http://host.docker.internal:10304,drupal,8.9.18
http://host.docker.internal:10303,drupal,8.9.19
http://host.docker.internal:10302,drupal,8.9.2
http://host.docker.internal:10301,drupal,8.9.20
http://host.docker.internal:10300,drupal,8.9.3
http://host.docker.internal:10299,drupal,8.9.4
http://host.docker.internal:10298,drupal,8.9.5
http://host.docker.internal:10297,drupal,8.9.6
http://host.docker.internal:10296,drupal,8.9.7
http://host.docker.internal:10295,drupal,8.9.8
http://host.docker.internal:10294,drupal,8.9.9
http://host.docker.internal:10293,drupal,9.0.10
http://host.docker.internal:10292,drupal,9.0.11
http://host.docker.internal:10291,drupal,9.0.12
http://host.docker.internal:10290,drupal,9.0.13
http://host.docker.internal:10289,drupal,9.0.14
http://host.docker.internal:10288,drupal,9.0.3
http://host.docker.internal:10287,drupal,9.0.4
http://host.docker.internal:10286,drupal,9.0.5
http://host.docker.internal:10285,drupal,9.0.6
http://host.docker.internal:10284,drupal,9.0.7
http://host.docker.internal:10283,drupal,9.0.8
http://host.docker.internal:10282,drupal,9.0.9
http://host.docker.internal:10281,drupal,9.1.0
http://host.docker.internal:10280,drupal,9.1.10
http://host.docker.internal:10279,drupal,9.1.11
http://host.docker.internal:10278,drupal,9.1.12
http://host.docker.internal:10277,drupal,9.1.13
http://host.docker.internal:10276,drupal,9.1.14
http://host.docker.internal:10275,drupal,9.1.15
http://host.docker.internal:10274,drupal,9.1.2
http://host.docker.internal:10273,drupal,9.1.3
http://host.docker.internal:10272,drupal,9.1.4
http://host.docker.internal:10271,drupal,9.1.5
http://host.docker.internal:10270,drupal,9.1.6
http://host.docker.internal:10269,drupal,9.1.7
http://host.docker.internal:10268,drupal,9.1.8
http://host.docker.internal:10267,drupal,9.1.9
http://host.docker.internal:10266,drupal,9.2.0
http://host.docker.internal:10265,drupal,9.2.1
http://host.docker.internal:10264,drupal,9.2.10
http://host.docker.internal:10263,drupal,9.2.11
http://host.docker.internal:10262,drupal,9.2.12
http://host.docker.internal:10261,drupal,9.2.13
http://host.docker.internal:10260,drupal,9.2.14
http://host.docker.internal:10259,drupal,9.2.15
http://host.docker.internal:10258,drupal,9.2.16
http://host.docker.internal:10257,drupal,9.2.17
http://host.docker.internal:10256,drupal,9.2.18
http://host.docker.internal:10255,drupal,9.2.19
http://host.docker.internal:10254,drupal,9.2.2
http://host.docker.internal:10253,drupal,9.2.20
http://host.docker.internal:10252,drupal,9.2.21
http://host.docker.internal:10251,drupal,9.2.3
http://host.docker.internal:10250,drupal,9.2.4
http://host.docker.internal:10249,drupal,9.2.5
http://host.docker.internal:10248,drupal,9.2.6
http://host.docker.internal:10247,drupal,9.2.7
http://host.docker.internal:10246,drupal,9.2.8
http://host.docker.internal:10245,drupal,9.2.9
http://host.docker.internal:10244,drupal,9.3.0
http://host.docker.internal:10243,drupal,9.3.11
http://host.docker.internal:10242,drupal,9.3.12
http://host.docker.internal:10241,drupal,9.3.13
http://host.docker.internal:10240,drupal,9.3.14
http://host.docker.internal:10239,drupal,9.3.15
http://host.docker.internal:10238,drupal,9.3.16
http://host.docker.internal:10237,drupal,9.3.17
http://host.docker.internal:10236,drupal,9.3.18
http://host.docker.internal:10235,drupal,9.3.19
http://host.docker.internal:10234,drupal,9.3.2
http://host.docker.internal:10233,drupal,9.3.20
http://host.docker.internal:10232,drupal,9.3.21
http://host.docker.internal:10231,drupal,9.3.22
http://host.docker.internal:10230,drupal,9.3.3
http://host.docker.internal:10229,drupal,9.3.5
http://host.docker.internal:10228,drupal,9.3.6
http://host.docker.internal:10227,drupal,9.3.7
http://host.docker.internal:10226,drupal,9.3.8
http://host.docker.internal:10225,drupal,9.3.9
http://host.docker.internal:10224,drupal,9.4.1
http://host.docker.internal:10223,drupal,9.4.10
http://host.docker.internal:10222,drupal,9.4.11
http://host.docker.internal:10221,drupal,9.4.12
http://host.docker.internal:10220,drupal,9.4.13
http://host.docker.internal:10219,drupal,9.4.14
http://host.docker.internal:10218,drupal,9.4.15
http://host.docker.internal:10217,drupal,9.4.2
http://host.docker.internal:10216,drupal,9.4.3
http://host.docker.internal:10215,drupal,9.4.4
http://host.docker.internal:10214,drupal,9.4.5
http://host.docker.internal:10213,drupal,9.4.6
http://host.docker.internal:10212,drupal,9.4.7
http://host.docker.internal:10211,drupal,9.4.8
http://host.docker.internal:10210,drupal,9.4.9
http://host.docker.internal:10209,drupal,9.5.0
http://host.docker.internal:10208,drupal,9.5.1
http://host.docker.internal:10207,drupal,9.5.10
http://host.docker.internal:10206,drupal,9.5.11
http://host.docker.internal:10205,drupal,9.5.2
http://host.docker.internal:10204,drupal,9.5.3
http://host.docker.internal:10203,drupal,9.5.4
http://host.docker.internal:10202,drupal,9.5.5
http://host.docker.internal:10201,drupal,9.5.7
http://host.docker.internal:10200,drupal,9.5.8
http://host.docker.internal:10199,drupal,9.5.9
http://host.docker.internal:10198,joomla,3.10.0
http://host.docker.internal:10197,joomla,3.10.1
http://host.docker.internal:10196,joomla,3.10.10
http://host.docker.internal:10195,joomla,3.10.11
http://host.docker.internal:10194,joomla,3.10.12
http://host.docker.internal:10193,joomla,3.10.2
http://host.docker.internal:10192,joomla,3.10.3
http://host.docker.internal:10191,joomla,3.10.4
http://host.docker.internal:10190,joomla,3.10.5
http://host.docker.internal:10189,joomla,3.10.6
http://host.docker.internal:10188,joomla,3.10.8
http://host.docker.internal:10187,joomla,3.10.9
http://host.docker.internal:10186,joomla,3.5.0
http://host.docker.internal:10185,joomla,3.5.1
http://host.docker.internal:10184,joomla,3.6.0
http://host.docker.internal:10183,joomla,3.6.2
http://host.docker.internal:10182,joomla,3.6.3
http://host.docker.internal:10181,joomla,3.6.4
http://host.docker.internal:10180,joomla,3.6.5
http://host.docker.internal:10179,joomla,3.7.0
http://host.docker.internal:10178,joomla,3.7.3
http://host.docker.internal:10177,joomla,3.7.4
http://host.docker.internal:10176,joomla,3.7.5
http://host.docker.internal:10175,joomla,3.8.0
http://host.docker.internal:10174,joomla,3.8.10
http://host.docker.internal:10173,joomla,3.8.11
http://host.docker.internal:10172,joomla,3.8.12
http://host.docker.internal:10171,joomla,3.8.13
http://host.docker.internal:10170,joomla,3.8.2
http://host.docker.internal:10169,joomla,3.8.4
http://host.docker.internal:10168,joomla,3.8.6
http://host.docker.internal:10167,joomla,3.8.7
http://host.docker.internal:10166,joomla,3.8.8
http://host.docker.internal:10165,joomla,3.9.0
http://host.docker.internal:10164,joomla,3.9.1
http://host.docker.internal:10163,joomla,3.9.10
http://host.docker.internal:10162,joomla,3.9.11
http://host.docker.internal:10161,joomla,3.9.12
http://host.docker.internal:10160,joomla,3.9.13
http://host.docker.internal:10159,joomla,3.9.14
http://host.docker.internal:10158,joomla,3.9.15
http://host.docker.internal:10157,joomla,3.9.16
http://host.docker.internal:10156,joomla,3.9.18
http://host.docker.internal:10155,joomla,3.9.2
http://host.docker.internal:10154,joomla,3.9.20
http://host.docker.internal:10153,joomla,3.9.21
http://host.docker.internal:10152,joomla,3.9.22
http://host.docker.internal:10151,joomla,3.9.24
http://host.docker.internal:10150,joomla,3.9.25
http://host.docker.internal:10149,joomla,3.9.26
http://host.docker.internal:10148,joomla,3.9.27
http://host.docker.internal:10147,joomla,3.9.28
http://host.docker.internal:10146,joomla,3.9.3
http://host.docker.internal:10145,joomla,3.9.4
http://host.docker.internal:10144,joomla,3.9.5
http://host.docker.internal:10143,joomla,3.9.6
http://host.docker.internal:10142,joomla,3.9.8
http://host.docker.internal:10141,joomla,4.0.2
http://host.docker.internal:10140,joomla,4.0.3
http://host.docker.internal:10139,joomla,4.0.4
http://host.docker.internal:10138,joomla,4.0.5
http://host.docker.internal:10137,joomla,4.0.6
http://host.docker.internal:10136,joomla,4.1.0
http://host.docker.internal:10135,joomla,4.1.2
http://host.docker.internal:10134,joomla,4.1.3
http://host.docker.internal:10133,joomla,4.1.4
http://host.docker.internal:10132,joomla,4.1.5
http://host.docker.internal:10131,joomla,4.2.2
http://host.docker.internal:10130,joomla,4.2.3
http://host.docker.internal:10129,joomla,4.2.5
http://host.docker.internal:10128,joomla,4.2.6
http://host.docker.internal:10127,joomla,4.2.7
http://host.docker.internal:10126,joomla,4.2.8
http://host.docker.internal:10125,joomla,4.2.9
http://host.docker.internal:10124,joomla,4.3.1
http://host.docker.internal:10123,joomla,4.3.2
http://host.docker.internal:10122,joomla,4.3.3
http://host.docker.internal:10121,joomla,4.3.4
http://host.docker.internal:10120,joomla,4.4.0
http://host.docker.internal:10119,joomla,4.4.1
http://host.docker.internal:10118,joomla,4.4.10
http://host.docker.internal:10117,joomla,4.4.11
http://host.docker.internal:10116,joomla,4.4.12
http://host.docker.internal:10115,joomla,4.4.13
http://host.docker.internal:10114,joomla,4.4.2
http://host.docker.internal:10113,joomla,4.4.3
http://host.docker.internal:10112,joomla,4.4.4
http://host.docker.internal:10111,joomla,4.4.5
http://host.docker.internal:10110,joomla,4.4.6
http://host.docker.internal:10109,joomla,4.4.7
http://host.docker.internal:10108,joomla,4.4.8
http://host.docker.internal:10107,joomla,4.4.9
http://host.docker.internal:10106,joomla,5.0.0
http://host.docker.internal:10105,joomla,5.0.1
http://host.docker.internal:10104,joomla,5.0.2
http://host.docker.internal:10103,joomla,5.0.3
http://host.docker.internal:10102,joomla,5.1.0
http://host.docker.internal:10101,joomla,5.1.1
http://host.docker.internal:10100,joomla,5.1.2
http://host.docker.internal:10099,joomla,5.1.3
http://host.docker.internal:10098,joomla,5.1.4
http://host.docker.internal:10097,joomla,5.2.0
http://host.docker.internal:10096,joomla,5.2.1
http://host.docker.internal:10095,joomla,5.2.3
http://host.docker.internal:10094,joomla,5.2.4
http://host.docker.internal:10093,joomla,5.2.5
http://host.docker.internal:10092,joomla,5.2.6
http://host.docker.internal:10091,joomla,5.3.0
http://host.docker.internal:10090,joomla,5.3.1
http://host.docker.internal:10089,joomla,5.3.2
http://host.docker.internal:10088,joomla,5.3.3
http://host.docker.internal:10087,joomla,5.4
http://host.docker.internal:10086,joomla,6.0
http://host.docker.internal:10085,wordpress,4.5.3
http://host.docker.internal:10084,wordpress,4.6.0
http://host.docker.internal:10083,wordpress,4.6.1
http://host.docker.internal:10082,wordpress,4.7.0
http://host.docker.internal:10081,wordpress,4.7.1
http://host.docker.internal:10080,wordpress,4.7.2
http://host.docker.internal:10079,wordpress,4.7.3
http://host.docker.internal:10078,wordpress,4.7.4
http://host.docker.internal:10077,wordpress,4.7.5
http://host.docker.internal:10076,wordpress,4.8.0
http://host.docker.internal:10075,wordpress,4.8.1
http://host.docker.internal:10074,wordpress,4.8.2
http://host.docker.internal:10073,wordpress,4.8.3
http://host.docker.internal:10072,wordpress,4.9.0
http://host.docker.internal:10071,wordpress,4.9.1
http://host.docker.internal:10070,wordpress,4.9.2
http://host.docker.internal:10069,wordpress,4.9.3
http://host.docker.internal:10068,wordpress,4.9.4
http://host.docker.internal:10067,wordpress,4.9.5
http://host.docker.internal:10066,wordpress,4.9.6
http://host.docker.internal:10065,wordpress,4.9.7
http://host.docker.internal:10064,wordpress,4.9.8
http://host.docker.internal:10063,wordpress,5.0.0
http://host.docker.internal:10062,wordpress,5.0.1
http://host.docker.internal:10061,wordpress,5.0.2
http://host.docker.internal:10060,wordpress,5.0.3
http://host.docker.internal:10059,wordpress,5.1.0
http://host.docker.internal:10058,wordpress,5.1.1
http://host.docker.internal:10057,wordpress,5.2.0
http://host.docker.internal:10056,wordpress,5.2.1
http://host.docker.internal:10055,wordpress,5.2.2
http://host.docker.internal:10054,wordpress,5.2.3
http://host.docker.internal:10053,wordpress,5.2.4
http://host.docker.internal:10052,wordpress,5.3.0
http://host.docker.internal:10051,wordpress,5.3.1
http://host.docker.internal:10050,wordpress,5.3.2
http://host.docker.internal:10049,wordpress,5.4.0
http://host.docker.internal:10048,wordpress,5.4.1
http://host.docker.internal:10047,wordpress,5.4.2
http://host.docker.internal:10046,wordpress,5.5.0
http://host.docker.internal:10045,wordpress,5.5.1
http://host.docker.internal:10044,wordpress,5.5.3
http://host.docker.internal:10043,wordpress,5.6.0
http://host.docker.internal:10042,wordpress,5.6.1
http://host.docker.internal:10041,wordpress,5.6.2
http://host.docker.internal:10040,wordpress,5.7.0
http://host.docker.internal:10039,wordpress,5.7.1
http://host.docker.internal:10038,wordpress,5.7.2
http://host.docker.internal:10037,wordpress,5.8.0
http://host.docker.internal:10036,wordpress,5.8.1
http://host.docker.internal:10035,wordpress,5.8.2
http://host.docker.internal:10034,wordpress,5.8.3
http://host.docker.internal:10033,wordpress,5.9.0
http://host.docker.internal:10032,wordpress,5.9.1
http://host.docker.internal:10031,wordpress,5.9.2
http://host.docker.internal:10030,wordpress,5.9.3
http://host.docker.internal:10029,wordpress,6.0.0
http://host.docker.internal:10028,wordpress,6.0.1
http://host.docker.internal:10027,wordpress,6.0.2
http://host.docker.internal:10026,wordpress,6.0.3
http://host.docker.internal:10025,wordpress,6.1.0
http://host.docker.internal:10024,wordpress,6.1.1
http://host.docker.internal:10023,wordpress,6.2.0
http://host.docker.internal:10022,wordpress,6.2.1
http://host.docker.internal:10021,wordpress,6.2.2
http://host.docker.internal:10020,wordpress,6.3.0
http://host.docker.internal:10019,wordpress,6.3.1
http://host.docker.internal:10018,wordpress,6.3.2
http://host.docker.internal:10017,wordpress,6.4.0
http://host.docker.internal:10016,wordpress,6.4.1
http://host.docker.internal:10015,wordpress,6.4.2
http://host.docker.internal:10014,wordpress,6.4.3
http://host.docker.internal:10013,wordpress,6.5.0
http://host.docker.internal:10012,wordpress,6.5.2
http://host.docker.internal:10011,wordpress,6.5.3
http://host.docker.internal:10010,wordpress,6.5.4
http://host.docker.internal:10009,wordpress,6.5.5
http://host.docker.internal:10008,wordpress,6.6.0
http://host.docker.internal:10007,wordpress,6.6.1
http://host.docker.internal:10006,wordpress,6.6.2
http://host.docker.internal:10005,wordpress,6.7.0
http://host.docker.internal:10004,wordpress,6.7.1
http://host.docker.internal:10003,wordpress,6.7.2
http://host.docker.internal:10002,wordpress,6.8.0
http://host.docker.internal:10001,wordpress,6.8.1
http://host.docker.internal:10000,wordpress,6.8.2
