http:/host.docker.internal:10588,drupal,10.0.0
http:/host.docker.internal:10587,drupal,10.0.1
http:/host.docker.internal:10586,drupal,10.0.10
http:/host.docker.internal:10585,drupal,10.0.11
http:/host.docker.internal:10584,drupal,10.0.2
http:/host.docker.internal:10583,drupal,10.0.3
http:/host.docker.internal:10582,drupal,10.0.4
http:/host.docker.internal:10581,drupal,10.0.5
http:/host.docker.internal:10580,drupal,10.0.7
http:/host.docker.internal:10579,drupal,10.0.8
http:/host.docker.internal:10578,drupal,10.0.9
http:/host.docker.internal:10577,drupal,10.1.1
http:/host.docker.internal:10576,drupal,10.1.2
http:/host.docker.internal:10575,drupal,10.1.3
http:/host.docker.internal:10574,drupal,10.1.4
http:/host.docker.internal:10573,drupal,10.1.5
http:/host.docker.internal:10572,drupal,10.1.6
http:/host.docker.internal:10571,drupal,10.1.7
http:/host.docker.internal:10570,drupal,10.1.8
http:/host.docker.internal:10569,drupal,10.2.0
http:/host.docker.internal:10568,drupal,10.2.1
http:/host.docker.internal:10567,drupal,10.2.2
http:/host.docker.internal:10566,drupal,10.2.3
http:/host.docker.internal:10565,drupal,10.2.4
http:/host.docker.internal:10564,drupal,10.2.5
http:/host.docker.internal:10563,drupal,10.2.6
http:/host.docker.internal:10562,drupal,10.3
http:/host.docker.internal:10561,drupal,10.3.10
http:/host.docker.internal:10560,drupal,10.3.11
http:/host.docker.internal:10559,drupal,10.3.12
http:/host.docker.internal:10558,drupal,10.3.13
http:/host.docker.internal:10557,drupal,10.3.14
http:/host.docker.internal:10556,drupal,10.4
http:/host.docker.internal:10555,drupal,10.4.0
http:/host.docker.internal:10554,drupal,10.4.1
http:/host.docker.internal:10553,drupal,10.4.2
http:/host.docker.internal:10552,drupal,10.4.3
http:/host.docker.internal:10551,drupal,10.4.4
http:/host.docker.internal:10550,drupal,10.4.5
http:/host.docker.internal:10549,drupal,10.4.6
http:/host.docker.internal:10548,drupal,10.4.7
http:/host.docker.internal:10547,drupal,10.4.8
http:/host.docker.internal:10546,drupal,10.5
http:/host.docker.internal:10545,drupal,10.5.0
http:/host.docker.internal:10544,drupal,10.5.1
http:/host.docker.internal:10543,drupal,10.5.2
http:/host.docker.internal:10542,drupal,11.0
http:/host.docker.internal:10541,drupal,11.0.0
http:/host.docker.internal:10540,drupal,11.0.1
http:/host.docker.internal:10539,drupal,11.0.10
http:/host.docker.internal:10538,drupal,11.0.11
http:/host.docker.internal:10537,drupal,11.0.12
http:/host.docker.internal:10536,drupal,11.0.13
http:/host.docker.internal:10535,drupal,11.0.2
http:/host.docker.internal:10534,drupal,11.0.4
http:/host.docker.internal:10533,drupal,11.0.5
http:/host.docker.internal:10532,drupal,11.0.6
http:/host.docker.internal:10531,drupal,11.0.7
http:/host.docker.internal:10530,drupal,11.0.8
http:/host.docker.internal:10529,drupal,11.0.9
http:/host.docker.internal:10528,drupal,11.1
http:/host.docker.internal:10527,drupal,11.1.0
http:/host.docker.internal:10526,drupal,11.1.1
http:/host.docker.internal:10525,drupal,11.1.2
http:/host.docker.internal:10524,drupal,11.1.3
http:/host.docker.internal:10523,drupal,11.1.4
http:/host.docker.internal:10522,drupal,11.1.5
http:/host.docker.internal:10521,drupal,11.1.6
http:/host.docker.internal:10520,drupal,11.1.7
http:/host.docker.internal:10519,drupal,11.1.8
http:/host.docker.internal:10518,drupal,11.2
http:/host.docker.internal:10517,drupal,11.2.0
http:/host.docker.internal:10516,drupal,11.2.1
http:/host.docker.internal:10515,drupal,11.2.2
http:/host.docker.internal:10514,drupal,11.2.3
http:/host.docker.internal:10513,drupal,7.100
http:/host.docker.internal:10512,drupal,7.101
http:/host.docker.internal:10511,drupal,7.102
http:/host.docker.internal:10510,drupal,7.103
http:/host.docker.internal:10509,drupal,7.43
http:/host.docker.internal:10508,drupal,7.44
http:/host.docker.internal:10507,drupal,7.50
http:/host.docker.internal:10506,drupal,7.51
http:/host.docker.internal:10505,drupal,7.52
http:/host.docker.internal:10504,drupal,7.53
http:/host.docker.internal:10503,drupal,7.54
http:/host.docker.internal:10502,drupal,7.55
http:/host.docker.internal:10501,drupal,7.56
http:/host.docker.internal:10500,drupal,7.57
http:/host.docker.internal:10499,drupal,7.58
http:/host.docker.internal:10498,drupal,7.59
http:/host.docker.internal:10497,drupal,7.60
http:/host.docker.internal:10496,drupal,7.61
http:/host.docker.internal:10495,drupal,7.63
http:/host.docker.internal:10494,drupal,7.64
http:/host.docker.internal:10493,drupal,7.65
http:/host.docker.internal:10492,drupal,7.66
http:/host.docker.internal:10491,drupal,7.67
http:/host.docker.internal:10490,drupal,7.68
http:/host.docker.internal:10489,drupal,7.69
http:/host.docker.internal:10488,drupal,7.70
http:/host.docker.internal:10487,drupal,7.71
http:/host.docker.internal:10486,drupal,7.72
http:/host.docker.internal:10485,drupal,7.73
http:/host.docker.internal:10484,drupal,7.74
http:/host.docker.internal:10483,drupal,7.75
http:/host.docker.internal:10482,drupal,7.76
http:/host.docker.internal:10481,drupal,7.77
http:/host.docker.internal:10480,drupal,7.78
http:/host.docker.internal:10479,drupal,7.79
http:/host.docker.internal:10478,drupal,7.80
http:/host.docker.internal:10477,drupal,7.81
http:/host.docker.internal:10476,drupal,7.82
http:/host.docker.internal:10475,drupal,7.83
http:/host.docker.internal:10474,drupal,7.84
http:/host.docker.internal:10473,drupal,7.85
http:/host.docker.internal:10472,drupal,7.87
http:/host.docker.internal:10471,drupal,7.88
http:/host.docker.internal:10470,drupal,7.89
http:/host.docker.internal:10469,drupal,7.90
http:/host.docker.internal:10468,drupal,7.91
http:/host.docker.internal:10467,drupal,7.92
http:/host.docker.internal:10466,drupal,7.93
http:/host.docker.internal:10465,drupal,7.94
http:/host.docker.internal:10464,drupal,7.95
http:/host.docker.internal:10463,drupal,7.96
http:/host.docker.internal:10462,drupal,7.97
http:/host.docker.internal:10461,drupal,7.98
http:/host.docker.internal:10460,drupal,7.99
http:/host.docker.internal:10459,drupal,8.0
http:/host.docker.internal:10458,drupal,8.0.6
http:/host.docker.internal:10457,drupal,8.1
http:/host.docker.internal:10456,drupal,8.1.1
http:/host.docker.internal:10455,drupal,8.1.10
http:/host.docker.internal:10454,drupal,8.1.2
http:/host.docker.internal:10453,drupal,8.1.3
http:/host.docker.internal:10452,drupal,8.1.4
http:/host.docker.internal:10451,drupal,8.1.5
http:/host.docker.internal:10450,drupal,8.1.6
http:/host.docker.internal:10449,drupal,8.1.7
http:/host.docker.internal:10448,drupal,8.1.8
http:/host.docker.internal:10447,drupal,8.1.9
http:/host.docker.internal:10446,drupal,8.2
http:/host.docker.internal:10445,drupal,8.2.0
http:/host.docker.internal:10444,drupal,8.2.1
http:/host.docker.internal:10443,drupal,8.2.2
http:/host.docker.internal:10442,drupal,8.2.3
http:/host.docker.internal:10441,drupal,8.2.4
http:/host.docker.internal:10440,drupal,8.2.5
http:/host.docker.internal:10439,drupal,8.2.6
http:/host.docker.internal:10438,drupal,8.2.7
http:/host.docker.internal:10437,drupal,8.2.8
http:/host.docker.internal:10436,drupal,8.3.0
http:/host.docker.internal:10435,drupal,8.3.1
http:/host.docker.internal:10434,drupal,8.3.2
http:/host.docker.internal:10433,drupal,8.3.3
http:/host.docker.internal:10432,drupal,8.3.4
http:/host.docker.internal:10431,drupal,8.3.5
http:/host.docker.internal:10430,drupal,8.3.6
http:/host.docker.internal:10429,drupal,8.3.7
http:/host.docker.internal:10428,drupal,8.3.9
http:/host.docker.internal:10427,drupal,8.4.0
http:/host.docker.internal:10426,drupal,8.4.1
http:/host.docker.internal:10425,drupal,8.4.2
http:/host.docker.internal:10424,drupal,8.4.3
http:/host.docker.internal:10423,drupal,8.4.4
http:/host.docker.internal:10422,drupal,8.4.5
http:/host.docker.internal:10421,drupal,8.4.6
http:/host.docker.internal:10420,drupal,8.4.7
http:/host.docker.internal:10419,drupal,8.4.8
http:/host.docker.internal:10418,drupal,8.5
http:/host.docker.internal:10417,drupal,8.5.0
http:/host.docker.internal:10416,drupal,8.5.1
http:/host.docker.internal:10415,drupal,8.5.10
http:/host.docker.internal:10414,drupal,8.5.11
http:/host.docker.internal:10413,drupal,8.5.12
http:/host.docker.internal:10412,drupal,8.5.13
http:/host.docker.internal:10411,drupal,8.5.14
http:/host.docker.internal:10410,drupal,8.5.15
http:/host.docker.internal:10409,drupal,8.5.2
http:/host.docker.internal:10408,drupal,8.5.3
http:/host.docker.internal:10407,drupal,8.5.4
http:/host.docker.internal:10406,drupal,8.5.5
http:/host.docker.internal:10405,drupal,8.5.6
http:/host.docker.internal:10404,drupal,8.5.7
http:/host.docker.internal:10403,drupal,8.5.8
http:/host.docker.internal:10402,drupal,8.6.0
http:/host.docker.internal:10401,drupal,8.6.1
http:/host.docker.internal:10400,drupal,8.6.10
http:/host.docker.internal:10399,drupal,8.6.11
http:/host.docker.internal:10398,drupal,8.6.12
http:/host.docker.internal:10397,drupal,8.6.13
http:/host.docker.internal:10396,drupal,8.6.14
http:/host.docker.internal:10395,drupal,8.6.15
http:/host.docker.internal:10394,drupal,8.6.16
http:/host.docker.internal:10393,drupal,8.6.17
http:/host.docker.internal:10392,drupal,8.6.18
http:/host.docker.internal:10391,drupal,8.6.2
http:/host.docker.internal:10390,drupal,8.6.3
http:/host.docker.internal:10389,drupal,8.6.4
http:/host.docker.internal:10388,drupal,8.6.5
http:/host.docker.internal:10387,drupal,8.6.7
http:/host.docker.internal:10386,drupal,8.6.8
http:/host.docker.internal:10385,drupal,8.6.9
http:/host.docker.internal:10384,drupal,8.7.1
http:/host.docker.internal:10383,drupal,8.7.10
http:/host.docker.internal:10382,drupal,8.7.11
http:/host.docker.internal:10381,drupal,8.7.12
http:/host.docker.internal:10380,drupal,8.7.13
http:/host.docker.internal:10379,drupal,8.7.14
http:/host.docker.internal:10378,drupal,8.7.2
http:/host.docker.internal:10377,drupal,8.7.3
http:/host.docker.internal:10376,drupal,8.7.4
http:/host.docker.internal:10375,drupal,8.7.5
http:/host.docker.internal:10374,drupal,8.7.6
http:/host.docker.internal:10373,drupal,8.7.7
http:/host.docker.internal:10372,drupal,8.7.8
http:/host.docker.internal:10371,drupal,8.7.9
http:/host.docker.internal:10370,drupal,8.8
http:/host.docker.internal:10369,drupal,8.8.0
http:/host.docker.internal:10368,drupal,8.8.1
http:/host.docker.internal:10367,drupal,8.8.10
http:/host.docker.internal:10366,drupal,8.8.11
http:/host.docker.internal:10365,drupal,8.8.12
http:/host.docker.internal:10364,drupal,8.8.2
http:/host.docker.internal:10363,drupal,8.8.3
http:/host.docker.internal:10362,drupal,8.8.4
http:/host.docker.internal:10361,drupal,8.8.5
http:/host.docker.internal:10360,drupal,8.8.6
http:/host.docker.internal:10359,drupal,8.8.7
http:/host.docker.internal:10358,drupal,8.8.8
http:/host.docker.internal:10357,drupal,8.8.9
http:/host.docker.internal:10356,drupal,8.9
http:/host.docker.internal:10355,drupal,8.9.0
http:/host.docker.internal:10354,drupal,8.9.1
http:/host.docker.internal:10353,drupal,8.9.10
http:/host.docker.internal:10352,drupal,8.9.11
http:/host.docker.internal:10351,drupal,8.9.12
http:/host.docker.internal:10350,drupal,8.9.13
http:/host.docker.internal:10349,drupal,8.9.14
http:/host.docker.internal:10348,drupal,8.9.15
http:/host.docker.internal:10347,drupal,8.9.16
http:/host.docker.internal:10346,drupal,8.9.17
http:/host.docker.internal:10345,drupal,8.9.18
http:/host.docker.internal:10344,drupal,8.9.19
http:/host.docker.internal:10343,drupal,8.9.2
http:/host.docker.internal:10342,drupal,8.9.20
http:/host.docker.internal:10341,drupal,8.9.3
http:/host.docker.internal:10340,drupal,8.9.4
http:/host.docker.internal:10339,drupal,8.9.5
http:/host.docker.internal:10338,drupal,8.9.6
http:/host.docker.internal:10337,drupal,8.9.7
http:/host.docker.internal:10336,drupal,8.9.8
http:/host.docker.internal:10335,drupal,8.9.9
http:/host.docker.internal:10334,drupal,9.0.10
http:/host.docker.internal:10333,drupal,9.0.11
http:/host.docker.internal:10332,drupal,9.0.12
http:/host.docker.internal:10331,drupal,9.0.13
http:/host.docker.internal:10330,drupal,9.0.14
http:/host.docker.internal:10329,drupal,9.0.3
http:/host.docker.internal:10328,drupal,9.0.4
http:/host.docker.internal:10327,drupal,9.0.5
http:/host.docker.internal:10326,drupal,9.0.6
http:/host.docker.internal:10325,drupal,9.0.7
http:/host.docker.internal:10324,drupal,9.0.8
http:/host.docker.internal:10323,drupal,9.0.9
http:/host.docker.internal:10322,drupal,9.1
http:/host.docker.internal:10321,drupal,9.1.0
http:/host.docker.internal:10320,drupal,9.1.10
http:/host.docker.internal:10319,drupal,9.1.11
http:/host.docker.internal:10318,drupal,9.1.12
http:/host.docker.internal:10317,drupal,9.1.13
http:/host.docker.internal:10316,drupal,9.1.14
http:/host.docker.internal:10315,drupal,9.1.15
http:/host.docker.internal:10314,drupal,9.1.2
http:/host.docker.internal:10313,drupal,9.1.3
http:/host.docker.internal:10312,drupal,9.1.4
http:/host.docker.internal:10311,drupal,9.1.5
http:/host.docker.internal:10310,drupal,9.1.6
http:/host.docker.internal:10309,drupal,9.1.7
http:/host.docker.internal:10308,drupal,9.1.8
http:/host.docker.internal:10307,drupal,9.1.9
http:/host.docker.internal:10306,drupal,9.2.0
http:/host.docker.internal:10305,drupal,9.2.1
http:/host.docker.internal:10304,drupal,9.2.10
http:/host.docker.internal:10303,drupal,9.2.11
http:/host.docker.internal:10302,drupal,9.2.12
http:/host.docker.internal:10301,drupal,9.2.13
http:/host.docker.internal:10300,drupal,9.2.14
http:/host.docker.internal:10299,drupal,9.2.15
http:/host.docker.internal:10298,drupal,9.2.16
http:/host.docker.internal:10297,drupal,9.2.17
http:/host.docker.internal:10296,drupal,9.2.18
http:/host.docker.internal:10295,drupal,9.2.19
http:/host.docker.internal:10294,drupal,9.2.2
http:/host.docker.internal:10293,drupal,9.2.20
http:/host.docker.internal:10292,drupal,9.2.21
http:/host.docker.internal:10291,drupal,9.2.3
http:/host.docker.internal:10290,drupal,9.2.4
http:/host.docker.internal:10289,drupal,9.2.5
http:/host.docker.internal:10288,drupal,9.2.6
http:/host.docker.internal:10287,drupal,9.2.7
http:/host.docker.internal:10286,drupal,9.2.8
http:/host.docker.internal:10285,drupal,9.2.9
http:/host.docker.internal:10284,drupal,9.3.0
http:/host.docker.internal:10283,drupal,9.3.11
http:/host.docker.internal:10282,drupal,9.3.12
http:/host.docker.internal:10281,drupal,9.3.13
http:/host.docker.internal:10280,drupal,9.3.14
http:/host.docker.internal:10279,drupal,9.3.15
http:/host.docker.internal:10278,drupal,9.3.16
http:/host.docker.internal:10277,drupal,9.3.17
http:/host.docker.internal:10276,drupal,9.3.18
http:/host.docker.internal:10275,drupal,9.3.19
http:/host.docker.internal:10274,drupal,9.3.2
http:/host.docker.internal:10273,drupal,9.3.20
http:/host.docker.internal:10272,drupal,9.3.21
http:/host.docker.internal:10271,drupal,9.3.22
http:/host.docker.internal:10270,drupal,9.3.3
http:/host.docker.internal:10269,drupal,9.3.5
http:/host.docker.internal:10268,drupal,9.3.6
http:/host.docker.internal:10267,drupal,9.3.7
http:/host.docker.internal:10266,drupal,9.3.8
http:/host.docker.internal:10265,drupal,9.3.9
http:/host.docker.internal:10264,drupal,9.4
http:/host.docker.internal:10263,drupal,9.4.1
http:/host.docker.internal:10262,drupal,9.4.10
http:/host.docker.internal:10261,drupal,9.4.11
http:/host.docker.internal:10260,drupal,9.4.12
http:/host.docker.internal:10259,drupal,9.4.13
http:/host.docker.internal:10258,drupal,9.4.14
http:/host.docker.internal:10257,drupal,9.4.15
http:/host.docker.internal:10256,drupal,9.4.2
http:/host.docker.internal:10255,drupal,9.4.3
http:/host.docker.internal:10254,drupal,9.4.4
http:/host.docker.internal:10253,drupal,9.4.5
http:/host.docker.internal:10252,drupal,9.4.6
http:/host.docker.internal:10251,drupal,9.4.7
http:/host.docker.internal:10250,drupal,9.4.8
http:/host.docker.internal:10249,drupal,9.4.9
http:/host.docker.internal:10248,drupal,9.5.0
http:/host.docker.internal:10247,drupal,9.5.1
http:/host.docker.internal:10246,drupal,9.5.10
http:/host.docker.internal:10245,drupal,9.5.11
http:/host.docker.internal:10244,drupal,9.5.2
http:/host.docker.internal:10243,drupal,9.5.3
http:/host.docker.internal:10242,drupal,9.5.4
http:/host.docker.internal:10241,drupal,9.5.5
http:/host.docker.internal:10240,drupal,9.5.7
http:/host.docker.internal:10239,drupal,9.5.8
http:/host.docker.internal:10238,drupal,9.5.9
http:/host.docker.internal:10237,joomla,3.10
http:/host.docker.internal:10236,joomla,3.10.0
http:/host.docker.internal:10235,joomla,3.10.1
http:/host.docker.internal:10234,joomla,3.10.10
http:/host.docker.internal:10233,joomla,3.10.11
http:/host.docker.internal:10232,joomla,3.10.12
http:/host.docker.internal:10231,joomla,3.10.2
http:/host.docker.internal:10230,joomla,3.10.3
http:/host.docker.internal:10229,joomla,3.10.4
http:/host.docker.internal:10228,joomla,3.10.5
http:/host.docker.internal:10227,joomla,3.10.6
http:/host.docker.internal:10226,joomla,3.10.8
http:/host.docker.internal:10225,joomla,3.10.9
http:/host.docker.internal:10224,joomla,3.5
http:/host.docker.internal:10223,joomla,3.5.0
http:/host.docker.internal:10222,joomla,3.5.1
http:/host.docker.internal:10221,joomla,3.6
http:/host.docker.internal:10220,joomla,3.6.0
http:/host.docker.internal:10219,joomla,3.6.2
http:/host.docker.internal:10218,joomla,3.6.3
http:/host.docker.internal:10217,joomla,3.6.4
http:/host.docker.internal:10216,joomla,3.6.5
http:/host.docker.internal:10215,joomla,3.7
http:/host.docker.internal:10214,joomla,3.7.0
http:/host.docker.internal:10213,joomla,3.7.3
http:/host.docker.internal:10212,joomla,3.7.4
http:/host.docker.internal:10211,joomla,3.7.5
http:/host.docker.internal:10210,joomla,3.8
http:/host.docker.internal:10209,joomla,3.8.0
http:/host.docker.internal:10208,joomla,3.8.10
http:/host.docker.internal:10207,joomla,3.8.11
http:/host.docker.internal:10206,joomla,3.8.12
http:/host.docker.internal:10205,joomla,3.8.13
http:/host.docker.internal:10204,joomla,3.8.2
http:/host.docker.internal:10203,joomla,3.8.4
http:/host.docker.internal:10202,joomla,3.8.6
http:/host.docker.internal:10201,joomla,3.8.7
http:/host.docker.internal:10200,joomla,3.8.8
http:/host.docker.internal:10199,joomla,3.9
http:/host.docker.internal:10198,joomla,3.9.0
http:/host.docker.internal:10197,joomla,3.9.1
http:/host.docker.internal:10196,joomla,3.9.10
http:/host.docker.internal:10195,joomla,3.9.11
http:/host.docker.internal:10194,joomla,3.9.12
http:/host.docker.internal:10193,joomla,3.9.13
http:/host.docker.internal:10192,joomla,3.9.14
http:/host.docker.internal:10191,joomla,3.9.15
http:/host.docker.internal:10190,joomla,3.9.16
http:/host.docker.internal:10189,joomla,3.9.18
http:/host.docker.internal:10188,joomla,3.9.2
http:/host.docker.internal:10187,joomla,3.9.20
http:/host.docker.internal:10186,joomla,3.9.21
http:/host.docker.internal:10185,joomla,3.9.22
http:/host.docker.internal:10184,joomla,3.9.24
http:/host.docker.internal:10183,joomla,3.9.25
http:/host.docker.internal:10182,joomla,3.9.26
http:/host.docker.internal:10181,joomla,3.9.27
http:/host.docker.internal:10180,joomla,3.9.28
http:/host.docker.internal:10179,joomla,3.9.3
http:/host.docker.internal:10178,joomla,3.9.4
http:/host.docker.internal:10177,joomla,3.9.5
http:/host.docker.internal:10176,joomla,3.9.6
http:/host.docker.internal:10175,joomla,3.9.8
http:/host.docker.internal:10174,joomla,4.0
http:/host.docker.internal:10173,joomla,4.0.2
http:/host.docker.internal:10172,joomla,4.0.3
http:/host.docker.internal:10171,joomla,4.0.4
http:/host.docker.internal:10170,joomla,4.0.5
http:/host.docker.internal:10169,joomla,4.0.6
http:/host.docker.internal:10168,joomla,4.1
http:/host.docker.internal:10167,joomla,4.1.0
http:/host.docker.internal:10166,joomla,4.1.2
http:/host.docker.internal:10165,joomla,4.1.3
http:/host.docker.internal:10164,joomla,4.1.4
http:/host.docker.internal:10163,joomla,4.1.5
http:/host.docker.internal:10162,joomla,4.2
http:/host.docker.internal:10161,joomla,4.2.2
http:/host.docker.internal:10160,joomla,4.2.3
http:/host.docker.internal:10159,joomla,4.2.5
http:/host.docker.internal:10158,joomla,4.2.6
http:/host.docker.internal:10157,joomla,4.2.7
http:/host.docker.internal:10156,joomla,4.2.8
http:/host.docker.internal:10155,joomla,4.2.9
http:/host.docker.internal:10154,joomla,4.3
http:/host.docker.internal:10153,joomla,4.3.1
http:/host.docker.internal:10152,joomla,4.3.2
http:/host.docker.internal:10151,joomla,4.3.3
http:/host.docker.internal:10150,joomla,4.3.4
http:/host.docker.internal:10149,joomla,4.4
http:/host.docker.internal:10148,joomla,4.4.0
http:/host.docker.internal:10147,joomla,4.4.1
http:/host.docker.internal:10146,joomla,4.4.10
http:/host.docker.internal:10145,joomla,4.4.11
http:/host.docker.internal:10144,joomla,4.4.12
http:/host.docker.internal:10143,joomla,4.4.13
http:/host.docker.internal:10142,joomla,4.4.2
http:/host.docker.internal:10141,joomla,4.4.3
http:/host.docker.internal:10140,joomla,4.4.4
http:/host.docker.internal:10139,joomla,4.4.5
http:/host.docker.internal:10138,joomla,4.4.6
http:/host.docker.internal:10137,joomla,4.4.7
http:/host.docker.internal:10136,joomla,4.4.8
http:/host.docker.internal:10135,joomla,4.4.9
http:/host.docker.internal:10134,joomla,5.0
http:/host.docker.internal:10133,joomla,5.0.0
http:/host.docker.internal:10132,joomla,5.0.1
http:/host.docker.internal:10131,joomla,5.0.2
http:/host.docker.internal:10130,joomla,5.0.3
http:/host.docker.internal:10129,joomla,5.1
http:/host.docker.internal:10128,joomla,5.1.0
http:/host.docker.internal:10127,joomla,5.1.1
http:/host.docker.internal:10126,joomla,5.1.2
http:/host.docker.internal:10125,joomla,5.1.3
http:/host.docker.internal:10124,joomla,5.1.4
http:/host.docker.internal:10123,joomla,5.2
http:/host.docker.internal:10122,joomla,5.2.0
http:/host.docker.internal:10121,joomla,5.2.1
http:/host.docker.internal:10120,joomla,5.2.3
http:/host.docker.internal:10119,joomla,5.2.4
http:/host.docker.internal:10118,joomla,5.2.5
http:/host.docker.internal:10117,joomla,5.2.6
http:/host.docker.internal:10116,joomla,5.3
http:/host.docker.internal:10115,joomla,5.3.0
http:/host.docker.internal:10114,joomla,5.3.1
http:/host.docker.internal:10113,joomla,5.3.2
http:/host.docker.internal:10112,joomla,5.3.3
http:/host.docker.internal:10111,joomla,5.4
http:/host.docker.internal:10110,joomla,6.0
http:/host.docker.internal:10772,prestashop,1.4
http:/host.docker.internal:10771,prestashop,1.4.0.1
http:/host.docker.internal:10770,prestashop,1.4.0.10
http:/host.docker.internal:10769,prestashop,1.4.0.11
http:/host.docker.internal:10768,prestashop,1.4.0.12
http:/host.docker.internal:10767,prestashop,1.4.0.13
http:/host.docker.internal:10766,prestashop,1.4.0.14
http:/host.docker.internal:10765,prestashop,1.4.0.17
http:/host.docker.internal:10764,prestashop,1.4.0.2
http:/host.docker.internal:10763,prestashop,1.4.0.3
http:/host.docker.internal:10762,prestashop,1.4.0.4
http:/host.docker.internal:10761,prestashop,1.4.0.5
http:/host.docker.internal:10760,prestashop,1.4.0.6
http:/host.docker.internal:10759,prestashop,1.4.0.7
http:/host.docker.internal:10758,prestashop,1.4.0.8
http:/host.docker.internal:10757,prestashop,1.4.0.9
http:/host.docker.internal:10756,prestashop,1.4.1.0
http:/host.docker.internal:10755,prestashop,1.4.10.0
http:/host.docker.internal:10754,prestashop,1.4.11.0
http:/host.docker.internal:10753,prestashop,1.4.11.1
http:/host.docker.internal:10752,prestashop,1.4.2.5
http:/host.docker.internal:10751,prestashop,1.4.3.0
http:/host.docker.internal:10750,prestashop,1.4.4.0
http:/host.docker.internal:10749,prestashop,1.4.4.1
http:/host.docker.internal:10748,prestashop,1.4.5.1
http:/host.docker.internal:10747,prestashop,1.4.6.1
http:/host.docker.internal:10746,prestashop,1.4.6.2
http:/host.docker.internal:10745,prestashop,1.4.7.0
http:/host.docker.internal:10744,prestashop,1.4.7.2
http:/host.docker.internal:10743,prestashop,1.4.7.3
http:/host.docker.internal:10742,prestashop,1.4.8.2
http:/host.docker.internal:10741,prestashop,1.4.8.3
http:/host.docker.internal:10740,prestashop,1.4.9.0
http:/host.docker.internal:10739,prestashop,1.5
http:/host.docker.internal:10738,prestashop,1.5.0.1
http:/host.docker.internal:10737,prestashop,1.5.0.13
http:/host.docker.internal:10736,prestashop,1.5.0.15
http:/host.docker.internal:10735,prestashop,1.5.0.17
http:/host.docker.internal:10734,prestashop,1.5.0.2
http:/host.docker.internal:10733,prestashop,1.5.0.3
http:/host.docker.internal:10732,prestashop,1.5.0.5
http:/host.docker.internal:10731,prestashop,1.5.0.9
http:/host.docker.internal:10730,prestashop,1.5.1.0
http:/host.docker.internal:10729,prestashop,1.5.2.0
http:/host.docker.internal:10728,prestashop,1.5.3.0
http:/host.docker.internal:10727,prestashop,1.5.3.1
http:/host.docker.internal:10726,prestashop,1.5.4.0
http:/host.docker.internal:10725,prestashop,1.5.4.1
http:/host.docker.internal:10724,prestashop,1.5.5.0
http:/host.docker.internal:10723,prestashop,1.5.6.0
http:/host.docker.internal:10722,prestashop,1.5.6.1
http:/host.docker.internal:10721,prestashop,1.5.6.2
http:/host.docker.internal:10720,prestashop,1.5.6.3
http:/host.docker.internal:10719,prestashop,1.6
http:/host.docker.internal:10718,prestashop,1.6.0.1
http:/host.docker.internal:10717,prestashop,1.6.0.11
http:/host.docker.internal:10716,prestashop,1.6.0.12
http:/host.docker.internal:10715,prestashop,1.6.0.13
http:/host.docker.internal:10714,prestashop,1.6.0.14
http:/host.docker.internal:10713,prestashop,1.6.0.2
http:/host.docker.internal:10712,prestashop,1.6.0.3
http:/host.docker.internal:10711,prestashop,1.6.0.4
http:/host.docker.internal:10710,prestashop,1.6.0.5
http:/host.docker.internal:10709,prestashop,1.6.0.6
http:/host.docker.internal:10708,prestashop,1.6.0.7
http:/host.docker.internal:10707,prestashop,1.6.0.8
http:/host.docker.internal:10706,prestashop,1.6.0.9
http:/host.docker.internal:10705,prestashop,1.6.1.0
http:/host.docker.internal:10704,prestashop,1.6.1.1
http:/host.docker.internal:10703,prestashop,1.6.1.10
http:/host.docker.internal:10702,prestashop,1.6.1.11
http:/host.docker.internal:10701,prestashop,1.6.1.12
http:/host.docker.internal:10700,prestashop,1.6.1.13
http:/host.docker.internal:10699,prestashop,1.6.1.14
http:/host.docker.internal:10698,prestashop,1.6.1.15
http:/host.docker.internal:10697,prestashop,1.6.1.16
http:/host.docker.internal:10696,prestashop,1.6.1.17
http:/host.docker.internal:10695,prestashop,1.6.1.18
http:/host.docker.internal:10694,prestashop,1.6.1.19
http:/host.docker.internal:10693,prestashop,1.6.1.2
http:/host.docker.internal:10692,prestashop,1.6.1.20
http:/host.docker.internal:10691,prestashop,1.6.1.21
http:/host.docker.internal:10690,prestashop,1.6.1.22
http:/host.docker.internal:10689,prestashop,1.6.1.23
http:/host.docker.internal:10688,prestashop,1.6.1.3
http:/host.docker.internal:10687,prestashop,1.6.1.4
http:/host.docker.internal:10686,prestashop,1.6.1.5
http:/host.docker.internal:10685,prestashop,1.6.1.6
http:/host.docker.internal:10684,prestashop,1.6.1.7
http:/host.docker.internal:10683,prestashop,1.6.1.8
http:/host.docker.internal:10682,prestashop,1.6.1.9
http:/host.docker.internal:10681,prestashop,1.7
http:/host.docker.internal:10680,prestashop,1.7.0
http:/host.docker.internal:10679,prestashop,1.7.0.0
http:/host.docker.internal:10678,prestashop,1.7.0.1
http:/host.docker.internal:10677,prestashop,1.7.0.2
http:/host.docker.internal:10676,prestashop,1.7.0.3
http:/host.docker.internal:10675,prestashop,1.7.0.4
http:/host.docker.internal:10674,prestashop,1.7.0.5
http:/host.docker.internal:10673,prestashop,1.7.0.6
http:/host.docker.internal:10672,prestashop,1.7.1
http:/host.docker.internal:10671,prestashop,1.7.1.0
http:/host.docker.internal:10670,prestashop,1.7.1.1
http:/host.docker.internal:10669,prestashop,1.7.1.2
http:/host.docker.internal:10668,prestashop,1.7.2
http:/host.docker.internal:10667,prestashop,1.7.2.0
http:/host.docker.internal:10666,prestashop,1.7.2.1
http:/host.docker.internal:10665,prestashop,1.7.2.2
http:/host.docker.internal:10664,prestashop,1.7.2.3
http:/host.docker.internal:10663,prestashop,1.7.2.4
http:/host.docker.internal:10662,prestashop,1.7.2.5
http:/host.docker.internal:10661,prestashop,1.7.3
http:/host.docker.internal:10660,prestashop,1.7.3.0
http:/host.docker.internal:10659,prestashop,1.7.3.1
http:/host.docker.internal:10658,prestashop,1.7.3.2
http:/host.docker.internal:10657,prestashop,1.7.3.3
http:/host.docker.internal:10656,prestashop,1.7.3.4
http:/host.docker.internal:10655,prestashop,1.7.4
http:/host.docker.internal:10654,prestashop,1.7.4.0
http:/host.docker.internal:10653,prestashop,1.7.4.1
http:/host.docker.internal:10652,prestashop,1.7.4.2
http:/host.docker.internal:10651,prestashop,1.7.4.3
http:/host.docker.internal:10650,prestashop,1.7.4.4
http:/host.docker.internal:10649,prestashop,1.7.5
http:/host.docker.internal:10648,prestashop,1.7.5.0
http:/host.docker.internal:10647,prestashop,1.7.5.1
http:/host.docker.internal:10646,prestashop,1.7.5.2
http:/host.docker.internal:10645,prestashop,1.7.6
http:/host.docker.internal:10644,prestashop,1.7.6.0
http:/host.docker.internal:10643,prestashop,1.7.6.1
http:/host.docker.internal:10642,prestashop,1.7.6.2
http:/host.docker.internal:10641,prestashop,1.7.6.3
http:/host.docker.internal:10640,prestashop,1.7.6.4
http:/host.docker.internal:10639,prestashop,1.7.6.5
http:/host.docker.internal:10638,prestashop,1.7.6.6
http:/host.docker.internal:10637,prestashop,1.7.6.7
http:/host.docker.internal:10636,prestashop,1.7.6.8
http:/host.docker.internal:10635,prestashop,1.7.6.9
http:/host.docker.internal:10634,prestashop,1.7.7
http:/host.docker.internal:10633,prestashop,1.7.7.0
http:/host.docker.internal:10632,prestashop,1.7.7.1
http:/host.docker.internal:10631,prestashop,1.7.7.2
http:/host.docker.internal:10630,prestashop,1.7.7.3
http:/host.docker.internal:10629,prestashop,1.7.7.4
http:/host.docker.internal:10628,prestashop,1.7.7.5
http:/host.docker.internal:10627,prestashop,1.7.7.6
http:/host.docker.internal:10626,prestashop,1.7.7.7
http:/host.docker.internal:10625,prestashop,1.7.7.8
http:/host.docker.internal:10624,prestashop,1.7.8
http:/host.docker.internal:10623,prestashop,1.7.8.0
http:/host.docker.internal:10622,prestashop,1.7.8.1
http:/host.docker.internal:10621,prestashop,1.7.8.10
http:/host.docker.internal:10620,prestashop,1.7.8.11
http:/host.docker.internal:10619,prestashop,1.7.8.2
http:/host.docker.internal:10618,prestashop,1.7.8.3
http:/host.docker.internal:10617,prestashop,1.7.8.4
http:/host.docker.internal:10616,prestashop,1.7.8.5
http:/host.docker.internal:10615,prestashop,1.7.8.6
http:/host.docker.internal:10614,prestashop,1.7.8.7
http:/host.docker.internal:10613,prestashop,1.7.8.8
http:/host.docker.internal:10612,prestashop,1.7.8.9
http:/host.docker.internal:10611,prestashop,7.3
http:/host.docker.internal:10610,prestashop,8.0
http:/host.docker.internal:10609,prestashop,8.0.0
http:/host.docker.internal:10608,prestashop,8.0.1
http:/host.docker.internal:10607,prestashop,8.0.2
http:/host.docker.internal:10606,prestashop,8.0.3
http:/host.docker.internal:10605,prestashop,8.0.4
http:/host.docker.internal:10604,prestashop,8.0.5
http:/host.docker.internal:10603,prestashop,8.1
http:/host.docker.internal:10602,prestashop,8.1.0
http:/host.docker.internal:10601,prestashop,8.1.1
http:/host.docker.internal:10600,prestashop,8.1.2
http:/host.docker.internal:10599,prestashop,8.1.3
http:/host.docker.internal:10598,prestashop,8.1.4
http:/host.docker.internal:10597,prestashop,8.1.5
http:/host.docker.internal:10596,prestashop,8.1.6
http:/host.docker.internal:10595,prestashop,8.1.7
http:/host.docker.internal:10594,prestashop,8.2
http:/host.docker.internal:10593,prestashop,8.2.0
http:/host.docker.internal:10592,prestashop,8.2.1
http:/host.docker.internal:10591,prestashop,8.2.2
http:/host.docker.internal:10590,prestashop,9.0
http:/host.docker.internal:10589,prestashop,9.0.0
http:/host.docker.internal:10777,qloapps_docker,1.5.0
http:/host.docker.internal:10776,qloapps_docker,1.5.1
http:/host.docker.internal:10775,qloapps_docker,1.5.2
http:/host.docker.internal:10774,qloapps_docker,1.6.0
http:/host.docker.internal:10773,qloapps_docker,1.6.1
http:/host.docker.internal:10109,wordpress,4.5
http:/host.docker.internal:10108,wordpress,4.5.3
http:/host.docker.internal:10107,wordpress,4.6
http:/host.docker.internal:10106,wordpress,4.6.0
http:/host.docker.internal:10105,wordpress,4.6.1
http:/host.docker.internal:10104,wordpress,4.7
http:/host.docker.internal:10103,wordpress,4.7.0
http:/host.docker.internal:10102,wordpress,4.7.1
http:/host.docker.internal:10101,wordpress,4.7.2
http:/host.docker.internal:10100,wordpress,4.7.3
http:/host.docker.internal:10099,wordpress,4.7.4
http:/host.docker.internal:10098,wordpress,4.7.5
http:/host.docker.internal:10097,wordpress,4.8
http:/host.docker.internal:10096,wordpress,4.8.0
http:/host.docker.internal:10095,wordpress,4.8.1
http:/host.docker.internal:10094,wordpress,4.8.2
http:/host.docker.internal:10093,wordpress,4.8.3
http:/host.docker.internal:10092,wordpress,4.9
http:/host.docker.internal:10091,wordpress,4.9.0
http:/host.docker.internal:10090,wordpress,4.9.1
http:/host.docker.internal:10089,wordpress,4.9.2
http:/host.docker.internal:10088,wordpress,4.9.3
http:/host.docker.internal:10087,wordpress,4.9.4
http:/host.docker.internal:10086,wordpress,4.9.5
http:/host.docker.internal:10085,wordpress,4.9.6
http:/host.docker.internal:10084,wordpress,4.9.7
http:/host.docker.internal:10083,wordpress,4.9.8
http:/host.docker.internal:10082,wordpress,5.0
http:/host.docker.internal:10081,wordpress,5.0.0
http:/host.docker.internal:10080,wordpress,5.0.1
http:/host.docker.internal:10079,wordpress,5.0.2
http:/host.docker.internal:10078,wordpress,5.0.3
http:/host.docker.internal:10077,wordpress,5.1
http:/host.docker.internal:10076,wordpress,5.1.0
http:/host.docker.internal:10075,wordpress,5.1.1
http:/host.docker.internal:10074,wordpress,5.2
http:/host.docker.internal:10073,wordpress,5.2.0
http:/host.docker.internal:10072,wordpress,5.2.1
http:/host.docker.internal:10071,wordpress,5.2.2
http:/host.docker.internal:10070,wordpress,5.2.3
http:/host.docker.internal:10069,wordpress,5.2.4
http:/host.docker.internal:10068,wordpress,5.3
http:/host.docker.internal:10067,wordpress,5.3.0
http:/host.docker.internal:10066,wordpress,5.3.1
http:/host.docker.internal:10065,wordpress,5.3.2
http:/host.docker.internal:10064,wordpress,5.4
http:/host.docker.internal:10063,wordpress,5.4.0
http:/host.docker.internal:10062,wordpress,5.4.1
http:/host.docker.internal:10061,wordpress,5.4.2
http:/host.docker.internal:10060,wordpress,5.5
http:/host.docker.internal:10059,wordpress,5.5.0
http:/host.docker.internal:10058,wordpress,5.5.1
http:/host.docker.internal:10057,wordpress,5.5.3
http:/host.docker.internal:10056,wordpress,5.6
http:/host.docker.internal:10055,wordpress,5.6.0
http:/host.docker.internal:10054,wordpress,5.6.1
http:/host.docker.internal:10053,wordpress,5.6.2
http:/host.docker.internal:10052,wordpress,5.7
http:/host.docker.internal:10051,wordpress,5.7.0
http:/host.docker.internal:10050,wordpress,5.7.1
http:/host.docker.internal:10049,wordpress,5.7.2
http:/host.docker.internal:10048,wordpress,5.8
http:/host.docker.internal:10047,wordpress,5.8.0
http:/host.docker.internal:10046,wordpress,5.8.1
http:/host.docker.internal:10045,wordpress,5.8.2
http:/host.docker.internal:10044,wordpress,5.8.3
http:/host.docker.internal:10043,wordpress,5.9
http:/host.docker.internal:10042,wordpress,5.9.0
http:/host.docker.internal:10041,wordpress,5.9.1
http:/host.docker.internal:10040,wordpress,5.9.2
http:/host.docker.internal:10039,wordpress,5.9.3
http:/host.docker.internal:10038,wordpress,6.0
http:/host.docker.internal:10037,wordpress,6.0.0
http:/host.docker.internal:10036,wordpress,6.0.1
http:/host.docker.internal:10035,wordpress,6.0.2
http:/host.docker.internal:10034,wordpress,6.0.3
http:/host.docker.internal:10033,wordpress,6.1
http:/host.docker.internal:10032,wordpress,6.1.0
http:/host.docker.internal:10031,wordpress,6.1.1
http:/host.docker.internal:10030,wordpress,6.2
http:/host.docker.internal:10029,wordpress,6.2.0
http:/host.docker.internal:10028,wordpress,6.2.1
http:/host.docker.internal:10027,wordpress,6.2.2
http:/host.docker.internal:10026,wordpress,6.3
http:/host.docker.internal:10025,wordpress,6.3.0
http:/host.docker.internal:10024,wordpress,6.3.1
http:/host.docker.internal:10023,wordpress,6.3.2
http:/host.docker.internal:10022,wordpress,6.4
http:/host.docker.internal:10021,wordpress,6.4.0
http:/host.docker.internal:10020,wordpress,6.4.1
http:/host.docker.internal:10019,wordpress,6.4.2
http:/host.docker.internal:10018,wordpress,6.4.3
http:/host.docker.internal:10017,wordpress,6.5
http:/host.docker.internal:10016,wordpress,6.5.0
http:/host.docker.internal:10015,wordpress,6.5.2
http:/host.docker.internal:10014,wordpress,6.5.3
http:/host.docker.internal:10013,wordpress,6.5.4
http:/host.docker.internal:10012,wordpress,6.5.5
http:/host.docker.internal:10011,wordpress,6.6
http:/host.docker.internal:10010,wordpress,6.6.0
http:/host.docker.internal:10009,wordpress,6.6.1
http:/host.docker.internal:10008,wordpress,6.6.2
http:/host.docker.internal:10007,wordpress,6.7
http:/host.docker.internal:10006,wordpress,6.7.0
http:/host.docker.internal:10005,wordpress,6.7.1
http:/host.docker.internal:10004,wordpress,6.7.2
http:/host.docker.internal:10003,wordpress,6.8
http:/host.docker.internal:10002,wordpress,6.8.0
http:/host.docker.internal:10001,wordpress,6.8.1
http:/host.docker.internal:10000,wordpress,6.8.2
